{
    "train_losses": [
        1.3703517908772302,
        0.5279996086995745,
        0.4425679166127988,
        0.4219263656482506,
        0.41467959117650866,
        0.40992487268976335,
        0.40284494233015194,
        0.3958347738324342,
        0.38440537281437615,
        0.38039305744231083,
        0.34768697076604693
    ],
    "val_losses": [
        0.44944939695176533,
        0.4448010702235777,
        0.41054539813003577,
        0.3536591215639329,
        0.5003501765552114,
        0.4150947853617492,
        0.4578652886643273,
        0.3979712048637085,
        0.35796442032471054,
        0.3651941379868105,
        0.4028023541828648
    ],
    "train_accuracies": [
        0.711581649021495,
        0.7819217196021816,
        0.8090150786012191,
        0.8178456849534809,
        0.8211581649021495,
        0.8221126082771896,
        0.8269650304780237,
        0.8285210137953161,
        0.8347128649342316,
        0.8371992300288739,
        0.8538177735001604
    ],
    "val_accuracies": [
        0.8681145936928555,
        0.8219498893202015,
        0.8174585351769272,
        0.8565012351223894,
        0.7806935934041256,
        0.8150203714991499,
        0.7857303262647974,
        0.8192871579352603,
        0.8462673638959289,
        0.8394661704789709,
        0.8152449392063136
    ],
    "train_f1_scores": [
        0.7055258934128206,
        0.7772589497829114,
        0.8068994599153381,
        0.8167832393491291,
        0.8217443440722679,
        0.822682901479841,
        0.827408,
        0.830674924366021,
        0.8379466532460996,
        0.8396150381643199,
        0.8575025018764073
    ],
    "val_f1_scores": [
        0.596446451359576,
        0.562578814627995,
        0.5598019495590283,
        0.595606183889341,
        0.5248157931322118,
        0.557074819480719,
        0.5307384247874658,
        0.5611903092622887,
        0.5841721624435959,
        0.5822340958423777,
        0.5578502879078695
    ],
    "train_aucs": [
        0.7732404782132969,
        0.8578019533617117,
        0.8826938504809312,
        0.8907165064908545,
        0.8938427569227412,
        0.8961147548706685,
        0.8996991174907036,
        0.9033135568804037,
        0.9086593327078288,
        0.9104351007002845,
        0.9244328387696611
    ],
    "val_aucs": [
        0.8758889788272007,
        0.8848335992419513,
        0.8854120593045974,
        0.8820572663366386,
        0.884946448571376,
        0.8849605699094125,
        0.8880866214761527,
        0.8868054762666095,
        0.8825473152716369,
        0.8844267130179149,
        0.88677229907437
    ],
    "learning_rates": [
        0.001,
        0.001,
        0.001,
        0.001,
        0.001,
        0.001,
        0.001,
        0.001,
        0.001,
        0.001,
        0.0005
    ],
    "epoch_times": [
        47.34028720855713,
        43.61086440086365,
        43.502965211868286,
        43.024158239364624,
        43.56950807571411,
        43.42650890350342,
        43.51420068740845,
        43.70522999763489,
        42.989322662353516,
        43.66061496734619,
        43.380391120910645
    ],
    "epoch_metrics": [
        {
            "train_loss": 1.3703517908772302,
            "train_accuracy": 0.711581649021495,
            "train_f1_score": 0.7055258934128206,
            "train_auc": 0.7732404782132969,
            "val_loss": 0.44944939695176533,
            "val_accuracy": 0.8681145936928555,
            "val_f1_score": 0.596446451359576,
            "val_auc": 0.8758889788272007,
            "learning_rate": 0.001,
            "epoch_time": 47.34028720855713,
            "epoch": 1
        },
        {
            "train_loss": 0.5279996086995745,
            "train_accuracy": 0.7819217196021816,
            "train_f1_score": 0.7772589497829114,
            "train_auc": 0.8578019533617117,
            "val_loss": 0.4448010702235777,
            "val_accuracy": 0.8219498893202015,
            "val_f1_score": 0.562578814627995,
            "val_auc": 0.8848335992419513,
            "learning_rate": 0.001,
            "epoch_time": 43.61086440086365,
            "epoch": 2
        },
        {
            "train_loss": 0.4425679166127988,
            "train_accuracy": 0.8090150786012191,
            "train_f1_score": 0.8068994599153381,
            "train_auc": 0.8826938504809312,
            "val_loss": 0.41054539813003577,
            "val_accuracy": 0.8174585351769272,
            "val_f1_score": 0.5598019495590283,
            "val_auc": 0.8854120593045974,
            "learning_rate": 0.001,
            "epoch_time": 43.502965211868286,
            "epoch": 3
        },
        {
            "train_loss": 0.4219263656482506,
            "train_accuracy": 0.8178456849534809,
            "train_f1_score": 0.8167832393491291,
            "train_auc": 0.8907165064908545,
            "val_loss": 0.3536591215639329,
            "val_accuracy": 0.8565012351223894,
            "val_f1_score": 0.595606183889341,
            "val_auc": 0.8820572663366386,
            "learning_rate": 0.001,
            "epoch_time": 43.024158239364624,
            "epoch": 4
        },
        {
            "train_loss": 0.41467959117650866,
            "train_accuracy": 0.8211581649021495,
            "train_f1_score": 0.8217443440722679,
            "train_auc": 0.8938427569227412,
            "val_loss": 0.5003501765552114,
            "val_accuracy": 0.7806935934041256,
            "val_f1_score": 0.5248157931322118,
            "val_auc": 0.884946448571376,
            "learning_rate": 0.001,
            "epoch_time": 43.56950807571411,
            "epoch": 5
        },
        {
            "train_loss": 0.40992487268976335,
            "train_accuracy": 0.8221126082771896,
            "train_f1_score": 0.822682901479841,
            "train_auc": 0.8961147548706685,
            "val_loss": 0.4150947853617492,
            "val_accuracy": 0.8150203714991499,
            "val_f1_score": 0.557074819480719,
            "val_auc": 0.8849605699094125,
            "learning_rate": 0.001,
            "epoch_time": 43.42650890350342,
            "epoch": 6
        },
        {
            "train_loss": 0.40284494233015194,
            "train_accuracy": 0.8269650304780237,
            "train_f1_score": 0.827408,
            "train_auc": 0.8996991174907036,
            "val_loss": 0.4578652886643273,
            "val_accuracy": 0.7857303262647974,
            "val_f1_score": 0.5307384247874658,
            "val_auc": 0.8880866214761527,
            "learning_rate": 0.001,
            "epoch_time": 43.51420068740845,
            "epoch": 7
        },
        {
            "train_loss": 0.3958347738324342,
            "train_accuracy": 0.8285210137953161,
            "train_f1_score": 0.830674924366021,
            "train_auc": 0.9033135568804037,
            "val_loss": 0.3979712048637085,
            "val_accuracy": 0.8192871579352603,
            "val_f1_score": 0.5611903092622887,
            "val_auc": 0.8868054762666095,
            "learning_rate": 0.001,
            "epoch_time": 43.70522999763489,
            "epoch": 8
        },
        {
            "train_loss": 0.38440537281437615,
            "train_accuracy": 0.8347128649342316,
            "train_f1_score": 0.8379466532460996,
            "train_auc": 0.9086593327078288,
            "val_loss": 0.35796442032471054,
            "val_accuracy": 0.8462673638959289,
            "val_f1_score": 0.5841721624435959,
            "val_auc": 0.8825473152716369,
            "learning_rate": 0.001,
            "epoch_time": 42.989322662353516,
            "epoch": 9
        },
        {
            "train_loss": 0.38039305744231083,
            "train_accuracy": 0.8371992300288739,
            "train_f1_score": 0.8396150381643199,
            "train_auc": 0.9104351007002845,
            "val_loss": 0.3651941379868105,