{
    "train_losses": [
        0.6293016793316238,
        0.3778835477019775,
        0.3366175444692511,
        0.3029061153439328,
        0.27187453151865454,
        0.24404019304288846,
        0.22459661271165066,
        0.20811184282568004,
        0.1915621318672332,
        0.18200250516806646,
        0.11918385535681199,
        0.10092261026476272,
        0.09186329738762117,
        0.08785380728054445,
        0.08280783220088676,
        0.07772174419112707
    ],
    "val_losses": [
        0.5813331612553753,
        0.457435707332658,
        0.45054183112549,
        0.4731734699768121,
        0.41254190471572955,
        0.3906951799805536,
        0.49478311470297515,
        0.5081527869476646,
        0.49757680617517136,
        0.5974804870173579,
        0.5384143053813547,
        0.575538280465808,
        0.6750340746013356,
        0.6493305350943911,
        0.6382381755125816,
        0.6341106892395459
    ],
    "train_accuracies": [
        0.7943776066730831,
        0.8436156560795637,
        0.8626403593198588,
        0.8780638434392044,
        0.8930622393326917,
        0.9057266602502406,
        0.9139236445299967,
        0.9209416105229388,
        0.9270853384664742,
        0.9320500481231954,
        0.9584937439846006,
        0.9646535129932627,
        0.9682066089188323,
        0.9698427975617581,
        0.9713265960859802,
        0.9729387231312159
    ],
    "val_accuracies": [
        0.7497353309165571,
        0.8112027204773667,
        0.8283340284238555,
        0.8130313432356998,
        0.8443424978345256,
        0.8769048153732636,
        0.8359051682653749,
        0.8311571653139136,
        0.8521702864842321,
        0.8043694459593853,
        0.8711302171890539,
        0.8605113727503128,
        0.8489942574829168,
        0.872958839947387,
        0.8511757723525072,
        0.8592922909114241
    ],
    "train_f1_scores": [
        0.7942373289457844,
        0.8425014943698605,
        0.8634028841245533,
        0.8783769729842161,
        0.893915644916178,
        0.9065109842037447,
        0.9143878234787326,
        0.9220241909327511,
        0.9278429069204455,
        0.9325681720498575,
        0.9588675256134104,
        0.9648886587260487,
        0.968377050226562,
        0.9698456998043178,
        0.9714399840223686,
        0.9730545617173524
    ],
    "val_f1_scores": [
        0.4837535570114486,
        0.5257474413731968,
        0.549692838508794,
        0.5249429409846755,
        0.52865747037109,
        0.56950521709862,
        0.5452120565484129,
        0.5445261791432281,
        0.5707898658718331,
        0.5190851735015772,
        0.5642694435405141,
        0.5509192315637265,
        0.5455247658588395,
        0.5286836467507736,
        0.5371645216003192,
        0.5375369042598059
    ],
    "train_aucs": [
        0.858444241386696,
        0.9167228412469061,
        0.932797992930761,
        0.9448509204953062,
        0.9549289374633778,
        0.963311141477232,
        0.9685913305420155,
        0.9725745442318106,
        0.9764234079962394,
        0.9784915664736875,
        0.9898658885096404,
        0.9923186370798199,
        0.9937624040858186,
        0.9943177527057894,
        0.9948298636445596,
        0.9954273553963274
    ],
    "val_aucs": [
        0.8565363839999464,
        0.847769573580793,
        0.8585704258834835,
        0.8483632933940264,
        0.8387836020042758,
        0.8575167288050184,
        0.851456469113026,
        0.8537554890737509,
        0.865409878742322,
        0.8500865905046349,
        0.8546976970583755,
        0.8482121147185023,
        0.8457716093302954,
        0.8462274849620723,
        0.8411193859938425,
        0.8396982495232898
    ],
    "learning_rates": [
        0.001,
        0.001,
        0.001,
        0.001,
        0.001,
        0.001,
        0.001,
        0.001,
        0.001,
        0.001,
        0.0005,
        0.0005,
        0.0005,
        0.0005,
        0.0005,
        0.0005
    ],
    "epoch_times": [
        22.145679235458374,
        22.92938733100891,
        22.406561136245728,
        21.63559341430664,
        24.890093088150024,
        29.847813844680786,
        773.9162089824677,
        7144.081141471863,
        26.14918279647827,
        26.074525594711304,
        22.858712673187256,
        25.49721908569336,
        23.18690800666809,
        22.92364501953125,
        22.820334672927856,
        22.787007093429565
    ],
    "epoch_metrics": [
        {
            "train_loss": 0.6293016793316238,
            "train_accuracy": 0.7943776066730831,
            "train_f1_score": 0.7942373289457844,
            "train_auc": 0.858444241386696,
            "val_loss": 0.5813331612553753,
            "val_accuracy": 0.7497353309165571,
            "val_f1_score": 0.4837535570114486,
            "val_auc": 0.8565363839999464,
            "learning_rate": 0.001,
            "epoch_time": 22.145679235458374,
            "epoch": 1
        },
        {
            "train_loss": 0.3778835477019775,
            "train_accuracy": 0.8436156560795637,
            "train_f1_score": 0.8425014943698605,
            "train_auc": 0.9167228412469061,
            "val_loss": 0.457435707332658,
            "val_accuracy": 0.8112027204773667,
            "val_f1_score": 0.5257474413731968,
            "val_auc": 0.847769573580793,
            "learning_rate": 0.001,
            "epoch_time": 22.92938733100891,
            "epoch": 2
        },
        {
            "train_loss": 0.3366175444692511,
            "train_accuracy": 0.8626403593198588,
            "train_f1_score": 0.8634028841245533,
            "train_auc": 0.932797992930761,
            "val_loss": 0.45054183112549,
            "val_accuracy": 0.8283340284238555,
            "val_f1_score": 0.549692838508794,
            "val_auc": 0.8585704258834835,
            "learning_rate": 0.001,
            "epoch_time": 22.406561136245728,
            "epoch": 3
        },
        {
            "train_loss": 0.3029061153439328,
            "train_accuracy": 0.8780638434392044,
            "train_f1_score": 0.8783769729842161,
            "train_auc": 0.9448509204953062,
            "val_loss": 0.4731734699768121,
            "val_accuracy": 0.8130313432356998,
            "val_f1_score": 0.5249429409846755,
            "val_auc": 0.8483632933940264,
            "learning_rate": 0.001,
            "epoch_time": 21.63559341430664,
            "epoch": 4
        },
        {
            "train_loss": 0.27187453151865454,
            "train_accuracy": 0.8930622393326917,
            "train_f1_score": 0.893915644916178,
            "train_auc": 0.9549289374633778,
            "val_loss": 0.41254190471572955,
            "val_accuracy": 0.8443424978345256,
            "val_f1_score": 0.52865747037109,
            "val_auc": 0.8387836020042758,
            "learning_rate": 0.001,
            "epoch_time": 24.890093088150024,
            "epoch": 5
        },
        {
            "train_loss": 0.24404019304288846,
            "train_accuracy": 0.9057266602502406,
            "train_f1_score": 0.9065109842037447,
            "train_auc": 0.963311141477232,
            "val_loss": 0.3906951799805536,
            "val_accuracy": 0.8769048153732636,
            "val_f1_score": 0.56950521709862,
            "val_auc": 0.8575167288050184,
            "learning_rate": 0.001,
            "epoch_time": 29.847813844680786,
            "epoch": 6
        },
        {
            "train_loss": 0.22459661271165066,
            "train_accuracy": 0.9139236445299967,
            "train_f1_score": 0.9143878234787326,
            "train_auc": 0.9685913305420155,
            "val_loss": 0.49478311470297515,
            "val_accuracy": 0.8359051682653749,
            "val_f1_score": 0.5452120565484129,
            "val_auc": 0.851456469113026,
            "learning_rate": 0.001,