{
    "train_losses": [
        1.1630333547044132,
        0.569145210893904,
        0.44573653690811305,
        0.3757006106100185,
        0.3270576777459414,
        0.28995529142112353,
        0.2634268879676367,
        0.24436272849725907,
        0.22542707267298095,
        0.21677182191622568,
        0.16144111331431849,
        0.13726481931114912,
        0.12484959546971651,
        0.12227333106937746,
        0.11205954169123417,
        0.10984104320888582,
        0.10503590119483686,
        0.10097294975800383,
        0.09964507043250803,
        0.09653677896244318,
        0.0695516802666813
    ],
    "val_losses": [
        0.673824005225887,
        0.6402172486862687,
        0.6971747978422486,
        0.44756508108655935,
        0.4253182010267113,
        0.45562457516178734,
        0.39365347137399875,
        0.480115095886295,
        0.40325933397121605,
        0.40372889296563924,
        0.44887699330317193,
        0.48761834860703007,
        0.4901310091410748,
        0.4781530501214085,
        0.5015547664713909,
        0.5171944736426727,
        0.5270492632522202,
        0.5230181889119939,
        0.5214445124395558,
        0.520768564224976,
        0.5403424242251843
    ],
    "train_accuracies": [
        0.7534889316650626,
        0.80832531280077,
        0.8358598010907924,
        0.8544032723772859,
        0.8710218158485723,
        0.884720885466795,
        0.8945380173243503,
        0.903144048764838,
        0.9129130574270131,
        0.915567853705486,
        0.941033044594161,
        0.9493342957972409,
        0.9548363811357075,
        0.955734680782804,
        0.9592877767083734,
        0.9605229387231312,
        0.9616377927494386,
        0.9637792749438563,
        0.9641963426371511,
        0.965632017965993,
        0.9760506897658004
    ],
    "val_accuracies": [
        0.7956113053800007,
        0.8158544801257579,
        0.7133232812550127,
        0.8438612813191749,
        0.8303230566873055,
        0.809406178820057,
        0.8401719547014853,
        0.8046581758685958,
        0.8633345096403708,
        0.8473581213307241,
        0.8800487632735555,
        0.851496583362741,
        0.8644573481761894,
        0.8684674858041128,
        0.8590998043052838,
        0.8480639055532386,
        0.8542234769497289,
        0.855314234384524,
        0.8649385646915402,
        0.8568220461326232,
        0.8659330788232652
    ],
    "train_f1_scores": [
        0.7534513600885602,
        0.8056915196357427,
        0.8349743167944779,
        0.8541892575724717,
        0.8720755407415657,
        0.8862670623145401,
        0.8958255757758218,
        0.9052282965265025,
        0.9146625168977334,
        0.9168713230939314,
        0.9419080579655178,
        0.9500754755751555,
        0.9552260167773228,
        0.9561813721209041,
        0.9597168433750238,
        0.9607902493427866,
        0.9619227309275313,
        0.9642874088601389,
        0.9645292014302741,
        0.9658753354729273,
        0.9762582491850202
    ],
    "val_f1_scores": [
        0.5228787538380888,
        0.5502977123158884,
        0.4583585889198691,
        0.5809007147162663,
        0.5569980735404976,
        0.5337100698532298,
        0.5664810302819353,
        0.5323707856539436,
        0.5851188157382158,
        0.5656381230600693,
        0.5911427009294696,
        0.5687936655798789,
        0.5790574872970011,
        0.5765337740136336,
        0.5754060324825986,
        0.5606679035250464,
        0.5679787031755087,
        0.5743676859192148,
        0.578071757867308,
        0.5629223386543923,
        0.5666286425386291
    ],
    "train_aucs": [
        0.8150817554261991,
        0.8775059257380129,
        0.9062215363402161,
        0.9247068504436458,
        0.9382922663282753,
        0.9488213782676992,
        0.9565356811410337,
        0.962073257894913,
        0.9670474209312,
        0.969340935961085,
        0.9818335023767711,
        0.9865517474393082,
        0.988643948822589,
        0.9894265742185469,
        0.9909159061073162,
        0.9913379919650144,
        0.9921049924480712,
        0.9926836139430639,
        0.9929851689154433,
        0.9931880611276583,
        0.996333141174137
    ],
    "val_aucs": [
        0.8599944627948364,
        0.8702579843736136,
        0.8613742439182821,
        0.8785466657068286,
        0.8708704838085928,
        0.8634601923917211,
        0.8718796488666936,
        0.866421977723945,
        0.8682065942546996,
        0.8635343105823817,
        0.872359581834284,
        0.8650640357059749,
        0.8669423996732086,
        0.864120166141267,
        0.8635070640172904,
        0.8610049043817165,
        0.8611498343442325,
        0.8664514048513116,
        0.8618388752818826,
        0.8580912211650983,
        0.8609972493943812
    ],
    "learning_rates": [
        0.001,
        0.001,
        0.001,
        0.001,
        0.001,
        0.001,
        0.001,
        0.001,
        0.001,
        0.001,
        0.0005,
        0.0005,
        0.0005,
        0.0005,
        0.0005,
        0.0005,
        0.0005,
        0.0005,
        0.0005,
        0.0005,
        0.00025
    ],
    "epoch_times": [
        19.313344478607178,
        21.17562747001648,
        21.91453790664673,
        19.708316564559937,
        19.302069902420044,
        19.014609336853027,
        18.985603094100952,
        18.947320461273193,
        19.594417572021484,
        18.44363784790039,
        18.33869218826294,
        18.26852798461914,
        18.345500230789185,
        18.36434292793274,
        18.542413473129272,
        18.366307497024536,
        18.357099533081055,
        21.200566053390503,
        18.130287647247314,
        18.103342056274414,
        18.19584012031555
    ],
    "epoch_metrics": [
        {
            "train_loss": 1.1630333547044132,
            "train_accuracy": 0.7534889316650626,
            "train_f1_score": 0.7534513600885602,
            "train_auc": 0.8150817554261991,
            "val_loss": 0.673824005225887,
            "val_accuracy": 0.7956113053800007,
            "val_f1_score": 0.5228787538380888,
            "val_auc": 0.8599944627948364,
            "learning_rate": 0.001,
            "epoch_time": 19.313344478607178,
            "epoch": 1
        },
        {
            "train_loss": 0.569145210893904,
            "train_accuracy": 0.80832531280077,
            "train_f1_score": 0.8056915196357427,
            "train_auc": 0.8775059257380129,
            "val_loss": 0.6402172486862687,
            "val_accuracy": 0.8158544801257579,
            "val_f1_score": 0.5502977123158884,
            "val_auc": 0.8702579843736136,
            "learning_rate": 0.001,
            "epoch_time": 21.17562747001648,
            "epoch": 2
        },
        {
            "train_loss": 0.44573653690811305,
            "train_accuracy": 0.8358598010907924,
            "train_f1_score": 0.8349743167944779,
            "train_auc": 0.9062215363402161,
            "val_loss": 0.6971747978422486,
            "val_accuracy": 0.7133232812550127,
            "val_f1_score": 0.4583585889198691,
            "val_auc": 0.8613742439182821,
            "learning_rate": 0.001,
            "epoch_time": 21.91453790664673,
            "epoch": 3
        },
        {
            "train_loss": 0.3757006106100185,
            "train_accuracy": 0.8544032723772859,
            "train_f1_score": 0.8541892575724717,
            "train_auc": 0.9247068504436458,
            "val_loss": 0.44756508108655935,
            "val_accuracy": 0.8438612813191749,
            "val_f1_score": 0.5809007147162663,
            "val_auc": 0.8785466657068286,
            "learning_rate": 0.001,
            "epoch_time": 19.708316564559937,
            "epoch": 4
        },
        {
            "train_loss": 0.3270576777459414,