{
    "train_losses": [
        2.8298322929364708,
        0.8002914933439033,
        0.5196710729320702,
        0.44143101736605017,
        0.42325735052406266,
        0.41973929785348746,
        0.4150549185435059,
        0.41078870355501856,
        0.40351726883891426,
        0.4011601967160796,
        0.381284847503873,
        0.3637042075793152,
        0.3479160723883779,
        0.3434015274460711,
        0.3292600997384846
    ],
    "val_losses": [
        0.8979662316011601,
        0.5729745545226043,
        0.430757355433507,
        0.42632617505236725,
        0.3799159749120962,
        0.48406312987208366,
        0.4198014322118681,
        0.4548684063627095,
        0.41224250539404445,
        0.37520371979010886,
        0.363117554026549,
        0.3679819405078888,
        0.3673450362059425,
        0.37041198410338066,
        0.372662000052753
    ],
    "train_accuracies": [
        0.7067372473532243,
        0.7674446583253128,
        0.7916746871992301,
        0.8088306063522618,
        0.8154716073147257,
        0.8174767404555663,
        0.8188803336541547,
        0.8210057747834456,
        0.824510747513635,
        0.8245829323067052,
        0.8349133782483157,
        0.8444257298684633,
        0.8523820981713186,
        0.8551892845684953,
        0.8626965030478023
    ],
    "val_accuracies": [
        0.8180359949953483,
        0.8371242501042636,
        0.8362901414776556,
        0.8253184049276571,
        0.8457540662795547,
        0.780308620191845,
        0.8229444034519264,
        0.8026370665041225,
        0.817683102884091,
        0.840396522408649,
        0.840396522408649,
        0.835423951750024,
        0.8339482211029483,
        0.828622758333066,
        0.8318308684354047
    ],
    "train_f1_scores": [
        0.7063981499325497,
        0.7569144610534965,
        0.7838705919552663,
        0.8039191490411906,
        0.81272435714809,
        0.8154593446159086,
        0.8166688315905696,
        0.8205350896238933,
        0.8248535109346483,
        0.8248456357564449,
        0.8360194708455159,
        0.8468250771915693,
        0.8543620178041543,
        0.8582598660710781,
        0.8660118185731617
    ],
    "val_f1_scores": [
        0.5510527148963116,
        0.5755371624446116,
        0.5776011919543084,
        0.5702107506511959,
        0.5915038232795242,
        0.5253015388881187,
        0.5672390810005489,
        0.5487089201877934,
        0.5629470122279474,
        0.5833682271166569,
        0.586622351474865,
        0.5799901752087768,
        0.578158109209454,
        0.571817890349471,
        0.5754090393649766
    ],
    "train_aucs": [
        0.7562406265899909,
        0.8309687395944627,
        0.8634203537140407,
        0.8825041622044909,
        0.8898101549985952,
        0.8912264012708182,
        0.8933396265589162,
        0.8956963464127884,
        0.899486682267387,
        0.9004504158555505,
        0.9103649015324736,
        0.9181642409798068,
        0.9251060441303125,
        0.9265946236213211,
        0.9324237176090354
    ],
    "val_aucs": [
        0.8644158771719823,
        0.8795939634000365,
        0.8834367586716065,
        0.8875733606440737,
        0.8888059852039851,
        0.8878548415179057,
        0.887686461093914,
        0.8914572475863144,
        0.8886456406332921,
        0.8854528161480472,
        0.8899176073916458,
        0.8881953942841645,
        0.8869683822655415,
        0.8859280489785258,
        0.8868254654516903
    ],
    "learning_rates": [
        0.001,
        0.001,
        0.001,
        0.001,
        0.001,
        0.001,
        0.001,
        0.001,
        0.001,
        0.001,
        0.0005,
        0.0005,
        0.0005,
        0.0005,
        0.0005
    ],
    "epoch_times": [
        18.015963792800903,
        18.038631677627563,
        17.9267680644989,
        17.897130012512207,
        17.890108585357666,
        17.91465139389038,
        17.98501443862915,
        17.914615154266357,
        17.975707530975342,
        18.020946264266968,
        17.933828830718994,
        17.959957599639893,
        17.875476598739624,
        17.890507698059082,
        17.85741686820984
    ],
    "epoch_metrics": [
        {
            "train_loss": 2.8298322929364708,
            "train_accuracy": 0.7067372473532243,
            "train_f1_score": 0.7063981499325497,
            "train_auc": 0.7562406265899909,
            "val_loss": 0.8979662316011601,
            "val_accuracy": 0.8180359949953483,
            "val_f1_score": 0.5510527148963116,
            "val_auc": 0.8644158771719823,
            "learning_rate": 0.001,
            "epoch_time": 18.015963792800903,
            "epoch": 1
        },
        {
            "train_loss": 0.8002914933439033,
            "train_accuracy": 0.7674446583253128,
            "train_f1_score": 0.7569144610534965,
            "train_auc": 0.8309687395944627,
            "val_loss": 0.5729745545226043,
            "val_accuracy": 0.8371242501042636,
            "val_f1_score": 0.5755371624446116,
            "val_auc": 0.8795939634000365,
            "learning_rate": 0.001,
            "epoch_time": 18.038631677627563,
            "epoch": 2
        },
        {
            "train_loss": 0.5196710729320702,
            "train_accuracy": 0.7916746871992301,
            "train_f1_score": 0.7838705919552663,
            "train_auc": 0.8634203537140407,
            "val_loss": 0.430757355433507,
            "val_accuracy": 0.8362901414776556,
            "val_f1_score": 0.5776011919543084,
            "val_auc": 0.8834367586716065,
            "learning_rate": 0.001,
            "epoch_time": 17.9267680644989,
            "epoch": 3
        },
        {
            "train_loss": 0.44143101736605017,
            "train_accuracy": 0.8088306063522618,
            "train_f1_score": 0.8039191490411906,
            "train_auc": 0.8825041622044909,
            "val_loss": 0.42632617505236725,
            "val_accuracy": 0.8253184049276571,
            "val_f1_score": 0.5702107506511959,
            "val_auc": 0.8875733606440737,
            "learning_rate": 0.001,
            "epoch_time": 17.897130012512207,
            "epoch": 4
        },
        {
            "train_loss": 0.42325735052406266,
            "train_accuracy": 0.8154716073147257,
            "train_f1_score": 0.81272435714809,
            "train_auc": 0.8898101549985952,
            "val_loss": 0.3799159749120962,
            "val_accuracy": 0.8457540662795547,
            "val_f1_score": 0.5915038232795242,
            "val_auc": 0.8888059852039851,
            "learning_rate": 0.001,
            "epoch_time": 17.890108585357666,
            "epoch": 5
        },
        {
            "train_loss": 0.41973929785348746,
            "train_accuracy": 0.8174767404555663,
            "train_f1_score": 0.8154593446159086,
            "train_auc": 0.8912264012708182,
            "val_loss": 0.48406312987208366,
            "val_accuracy": 0.780308620191845,
            "val_f1_score": 0.5253015388881187,
            "val_auc": 0.8878548415179057,
            "learning_rate": 0.001,
            "epoch_time": 17.91465139389038,
            "epoch": 6
        },
        {
            "train_loss": 0.4150549185435059,
            "train_accuracy": 0.8188803336541547,
            "train_f1_score": 0.8166688315905696,
            "train_auc": 0.8933396265589162,
            "val_loss": 0.4198014322118681,
            "val_accuracy": 0.8229444034519264,
            "val_f1_score": 0.5672390810005489,
            "val_auc": 0.887686461093914,
            "learning_rate": 0.001,
            "epoch_time": 17.98501443862915,
            "epoch": 7
        },
        {
            "train_loss": 0.41078870355501856,
            "train_accuracy": 0.8210057747834456,
            "train_f1_score": 0.8205350896238933,