{
    "train_losses": [
        2.1663531982472963,
        0.9440408682716744,
        0.6931699307369334,
        0.612250096191253,
        0.5635309877140181,
        0.5246295973126377,
        0.5060817725424256,
        0.4661191850634558,
        0.4636771434651954,
        0.4393784434135471,
        0.43369667628513914,
        0.4254084689808743,
        0.4162604925355741,
        0.40328649096190927,
        0.39100385002259697,
        0.3801206967660359
    ],
    "val_losses": [
        0.7191425004175731,
        0.6272027615989958,
        0.5939436942338944,
        0.539206471826349,
        0.5231995284557343,
        0.5086173366223062,
        0.5200734091656548,
        0.4938183088387762,
        0.47587513753346034,
        0.4848816937633923,
        0.5236430574740683,
        0.5051604960645948,
        0.4678478038736752,
        0.48240021616220474,
        0.4776673486190183,
        0.4650704362562725
    ],
    "train_accuracies": [
        0.6719819039906169,
        0.728336451730012,
        0.7603954313161496,
        0.7793850707922589,
        0.7921192996174146,
        0.7995196738250161,
        0.8036527130051104,
        0.8120863470077355,
        0.8133430143260074,
        0.8165265715322964,
        0.8202686475467061,
        0.8229216118852802,
        0.8264682063168477,
        0.8320533943980564,
        0.8339244324052613,
        0.8405428802814935
    ],
    "val_accuracies": [
        0.7693510555121188,
        0.799061767005473,
        0.7992851558136937,
        0.8034178487657768,
        0.80442309840277,
        0.8065452920808668,
        0.8027476823411147,
        0.805986820060315,
        0.8063219032726461,
        0.8043114039986596,
        0.8019658215123422,
        0.8033061543616665,
        0.8065452920808668,
        0.80442309840277,
        0.8029710711493354,
        0.8037529319781079
    ],
    "train_f1_scores": [
        0.6711646136618141,
        0.7231014459751793,
        0.7510012188751524,
        0.7710012174618819,
        0.7859443294225903,
        0.7941387319702922,
        0.800488067875486,
        0.809338962400476,
        0.8109300746775289,
        0.8142283549171521,
        0.8182434340581757,
        0.8219670382120897,
        0.8250070402703464,
        0.8304291434049512,
        0.8326532909362073,
        0.8396067415730337
    ],
    "val_f1_scores": [
        0.7785997641256567,
        0.7840076839956778,
        0.7869085734614016,
        0.7925995757718596,
        0.7925601232081507,
        0.7945920303605313,
        0.8011709074532762,
        0.8021414739719785,
        0.7950354609929078,
        0.7992207196882879,
        0.7982705654795768,
        0.8002722014290575,
        0.793366738248628,
        0.8044667783361251,
        0.8058978873239436,
        0.7870561144103745
    ],
    "train_aucs": [
        0.7269984865734915,
        0.794801743236148,
        0.8316549932593381,
        0.8506662806268006,
        0.8616923197008031,
        0.8692918993443411,
        0.8768600332345162,
        0.8823271444047889,
        0.8861166095817296,
        0.8901345427169496,
        0.8929495763531279,
        0.8962111315764564,
        0.8994140970334376,
        0.9041367341651221,
        0.9079915552250755,
        0.912623989945744
    ],
    "val_aucs": [
        0.8539006311683153,
        0.8731974819149266,
        0.8760625698123266,
        0.8784133548547456,
        0.8804110479909522,
        0.8823837858719317,
        0.8815698951779459,
        0.8813763921289128,
        0.8842925384785081,
        0.8826681510052476,
        0.878111146713942,
        0.8796468931206348,
        0.882194949455626,
        0.8801617200359755,
        0.8801183228471351,
        0.877784532333526
    ],
    "learning_rates": [
        0.001,
        0.0009990133642141358,
        0.000996057350657239,
        0.0009911436253643444,
        0.0009842915805643156,
        0.0009755282581475769,
        0.0009648882429441258,
        0.0009524135262330099,
        0.0009381533400219318,
        0.0009221639627510075,
        0.0009045084971874736,
        0.0008852566213878945,
        0.0008644843137107056,
        0.0008422735529643443,
        0.0008187119948743448,
        0.0007938926261462366
    ],
    "epoch_times": [
        15.162443399429321,
        15.665413856506348,
        14.66555404663086,
        14.766155242919922,
        14.723466634750366,
        14.944157361984253,
        14.670856237411499,
        14.89315676689148,
        14.854199886322021,
        14.616931438446045,
        14.723758459091187,
        14.676061868667603,
        14.69059705734253,
        14.752297401428223,
        14.72228741645813,
        14.738603353500366
    ],
    "epoch_metrics": [
        {
            "train_loss": 2.1663531982472963,
            "train_accuracy": 0.6719819039906169,
            "train_f1_score": 0.6711646136618141,
            "train_auc": 0.7269984865734915,
            "val_loss": 0.7191425004175731,
            "val_accuracy": 0.7693510555121188,
            "val_f1_score": 0.7785997641256567,
            "val_auc": 0.8539006311683153,
            "learning_rate": 0.001,
            "epoch_time": 15.162443399429321,
            "epoch": 1
        },
        {
            "train_loss": 0.9440408682716744,
            "train_accuracy": 0.728336451730012,
            "train_f1_score": 0.7231014459751793,
            "train_auc": 0.794801743236148,
            "val_loss": 0.6272027615989958,
            "val_accuracy": 0.799061767005473,
            "val_f1_score": 0.7840076839956778,
            "val_auc": 0.8731974819149266,
            "learning_rate": 0.0009990133642141358,
            "epoch_time": 15.665413856506348,
            "epoch": 2
        },
        {
            "train_loss": 0.6931699307369334,
            "train_accuracy": 0.7603954313161496,
            "train_f1_score": 0.7510012188751524,
            "train_auc": 0.8316549932593381,
            "val_loss": 0.5939436942338944,
            "val_accuracy": 0.7992851558136937,
            "val_f1_score": 0.7869085734614016,
            "val_auc": 0.8760625698123266,
            "learning_rate": 0.000996057350657239,
            "epoch_time": 14.66555404663086,
            "epoch": 3
        },
        {
            "train_loss": 0.612250096191253,
            "train_accuracy": 0.7793850707922589,
            "train_f1_score": 0.7710012174618819,
            "train_auc": 0.8506662806268006,
            "val_loss": 0.539206471826349,
            "val_accuracy": 0.8034178487657768,
            "val_f1_score": 0.7925995757718596,
            "val_auc": 0.8784133548547456,
            "learning_rate": 0.0009911436253643444,
            "epoch_time": 14.766155242919922,
            "epoch": 4
        },
        {
            "train_loss": 0.5635309877140181,
            "train_accuracy": 0.7921192996174146,
            "train_f1_score": 0.7859443294225903,
            "train_auc": 0.8616923197008031,
            "val_loss": 0.5231995284557343,
            "val_accuracy": 0.80442309840277,
            "val_f1_score": 0.7925601232081507,
            "val_auc": 0.8804110479909522,
            "learning_rate": 0.0009842915805643156,
            "epoch_time": 14.723466634750366,
            "epoch": 5
        },
        {
            "train_loss": 0.5246295973126377,
            "train_accuracy": 0.7995196738250161,
            "train_f1_score": 0.7941387319702922,
            "train_auc": 0.8692918993443411,
            "val_loss": 0.5086173366223062,
            "val_accuracy": 0.8065452920808668,
            "val_f1_score": 0.7945920303605313,
            "val_auc": 0.8823837858719317,
            "learning_rate": 0.0009755282581475769,
            "epoch_time": 14.944157361984253,
            "epoch": 6
        },
        {
            "train_loss": 0.5060817725424256,
            "train_accuracy": 0.8036527130051104,