{
    "train_losses": [
        3.399813733937619,
        1.0731597297570228,
        0.6748092185310244,
        0.4774503067495151,
        0.4137493633899767,
        0.40146300928326006,
        0.3949133600330524,
        0.39008141450847705,
        0.3798747928540727,
        0.36930604241578135,
        0.3407516856799681,
        0.3204015769779285,
        0.30280340930830213,
        0.2895901602596855,
        0.27620534676429614,
        0.27002925989244336
    ],
    "val_losses": [
        1.2600031424252713,
        0.7002925768677817,
        0.5065674657826541,
        0.40883485151485344,
        0.43910814412548893,
        0.34707748963207496,
        0.4064246984046014,
        0.39732201269171274,
        0.42643587486665757,
        0.38033376050899265,
        0.3513151253344583,
        0.37773620883827325,
        0.3630780134441667,
        0.38358017854148246,
        0.3482559925464333,
        0.3500665475568566
    ],
    "train_accuracies": [
        0.7238771254411293,
        0.7670676932948348,
        0.7918671799807507,
        0.8087263394289381,
        0.8196021815848572,
        0.8247433429579724,
        0.8295316008982997,
        0.8296759704844402,
        0.8356352261790183,
        0.8409849213987809,
        0.8560715431504652,
        0.865391401989092,
        0.8752726981071544,
        0.8816730830927173,
        0.8879932627526468,
        0.8914100096246391
    ],
    "val_accuracies": [
        0.7732186968656765,
        0.8336915722947612,
        0.8433800648038241,
        0.8428988482884733,
        0.8066472041320458,
        0.8608001026595232,
        0.8211478617946167,
        0.8241955663918386,
        0.8027974720092393,
        0.8299701645760482,
        0.8427384427833563,
        0.8375092233165442,
        0.8406210901158128,
        0.8332103557794104,
        0.8539989092425652,
        0.8536139360302846
    ],
    "train_f1_scores": [
        0.7225665036142831,
        0.7614620123203285,
        0.7853846535554195,
        0.8049753847663598,
        0.8182464646464647,
        0.824203319468692,
        0.8311325102095947,
        0.8310956986510563,
        0.837549247318647,
        0.8445043999309815,
        0.8589285012381589,
        0.8685819884579545,
        0.8794038045459128,
        0.8854696342760435,
        0.8910218892660657,
        0.894602863214928
    ],
    "val_f1_scores": [
        0.5110327177146019,
        0.5723477973931694,
        0.5829489150862806,
        0.5842601239494015,
        0.5490460157126824,
        0.6048629450869684,
        0.5629165033320267,
        0.5636247810160854,
        0.5459782849545757,
        0.573131443298969,
        0.5863989200134998,
        0.5794237316283318,
        0.5810423342890876,
        0.5728370717278778,
        0.5941318112904664,
        0.5926983843613318
    ],
    "train_aucs": [
        0.776229865822944,
        0.829108573379911,
        0.8594003876118563,
        0.8824503921637719,
        0.8956766482458114,
        0.9008018507700849,
        0.9042474439707063,
        0.9063927157048943,
        0.9111565971778978,
        0.9156021445302812,
        0.9278812057683363,
        0.9356621126283992,
        0.9414320245989756,
        0.9463722373108244,
        0.9510779708947893,
        0.9526612477362237
    ],
    "val_aucs": [
        0.8641551179177764,
        0.8758658380809043,
        0.8808248635997609,
        0.8866022445142745,
        0.88585884019199,
        0.8829831138261878,
        0.8848143048233534,
        0.8837182688428205,
        0.8868105781963862,
        0.8872704006040283,
        0.8858266591107324,
        0.8832355065852144,
        0.8821782812649103,
        0.8823407143203927,
        0.8822351349269993,
        0.8813248150498139
    ],
    "learning_rates": [
        0.001,
        0.001,
        0.001,
        0.001,
        0.001,
        0.001,
        0.001,
        0.001,
        0.001,
        0.001,
        0.0005,
        0.0005,
        0.0005,
        0.0005,
        0.0005,
        0.0005
    ],
    "epoch_times": [
        41.49105978012085,
        41.626830101013184,
        41.16849732398987,
        41.2162082195282,
        41.10756492614746,
        41.34582018852234,
        42.01397943496704,
        42.71936106681824,
        42.63859963417053,
        42.64412331581116,
        42.45258164405823,
        42.619022369384766,
        42.30941891670227,
        42.419517993927,
        41.243818044662476,
        40.80484414100647
    ],
    "epoch_metrics": [
        {
            "train_loss": 3.399813733937619,
            "train_accuracy": 0.7238771254411293,
            "train_f1_score": 0.7225665036142831,
            "train_auc": 0.776229865822944,
            "val_loss": 1.2600031424252713,
            "val_accuracy": 0.7732186968656765,
            "val_f1_score": 0.5110327177146019,
            "val_auc": 0.8641551179177764,
            "learning_rate": 0.001,
            "epoch_time": 41.49105978012085,
            "epoch": 1
        },
        {
            "train_loss": 1.0731597297570228,
            "train_accuracy": 0.7670676932948348,
            "train_f1_score": 0.7614620123203285,
            "train_auc": 0.829108573379911,
            "val_loss": 0.7002925768677817,
            "val_accuracy": 0.8336915722947612,
            "val_f1_score": 0.5723477973931694,
            "val_auc": 0.8758658380809043,
            "learning_rate": 0.001,
            "epoch_time": 41.626830101013184,
            "epoch": 2
        },
        {
            "train_loss": 0.6748092185310244,
            "train_accuracy": 0.7918671799807507,
            "train_f1_score": 0.7853846535554195,
            "train_auc": 0.8594003876118563,
            "val_loss": 0.5065674657826541,
            "val_accuracy": 0.8433800648038241,
            "val_f1_score": 0.5829489150862806,
            "val_auc": 0.8808248635997609,
            "learning_rate": 0.001,
            "epoch_time": 41.16849732398987,
            "epoch": 3
        },
        {
            "train_loss": 0.4774503067495151,
            "train_accuracy": 0.8087263394289381,
            "train_f1_score": 0.8049753847663598,
            "train_auc": 0.8824503921637719,
            "val_loss": 0.40883485151485344,
            "val_accuracy": 0.8428988482884733,
            "val_f1_score": 0.5842601239494015,
            "val_auc": 0.8866022445142745,
            "learning_rate": 0.001,
            "epoch_time": 41.2162082195282,
            "epoch": 4
        },
        {
            "train_loss": 0.4137493633899767,
            "train_accuracy": 0.8196021815848572,
            "train_f1_score": 0.8182464646464647,
            "train_auc": 0.8956766482458114,
            "val_loss": 0.43910814412548893,
            "val_accuracy": 0.8066472041320458,
            "val_f1_score": 0.5490460157126824,
            "val_auc": 0.88585884019199,
            "learning_rate": 0.001,
            "epoch_time": 41.10756492614746,
            "epoch": 5
        },
        {
            "train_loss": 0.40146300928326006,
            "train_accuracy": 0.8247433429579724,
            "train_f1_score": 0.824203319468692,
            "train_auc": 0.9008018507700849,
            "val_loss": 0.34707748963207496,
            "val_accuracy": 0.8608001026595232,
            "val_f1_score": 0.6048629450869684,
            "val_auc": 0.8829831138261878,
            "learning_rate": 0.001,
            "epoch_time": 41.34582018852234,
            "epoch": 6
        },
        {
            "train_loss": 0.3949133600330524,
            "train_accuracy": 0.8295316008982997,
            "train_f1_score": 0.8311325102095947,
            "train_auc": 0.9042474439707063,
            "val_loss": 0.4064246984046014,
            "val_accuracy": 0.8211478617946167,
            "val_f1_score": 0.5629165033320267,
            "val_auc": 0.8848143048233534,
            "learning_rate": 0.001,