{
    "train_losses": [
        1.5570963082913154,
        0.682586493963253,
        0.6733987586227006,
        0.6728681023249369,
        0.6745642829084111,
        0.6764951883675809,
        0.6778161665636623,
        0.6795237141455005,
        0.6809531814323928,
        0.6812098268977183,
        0.676555166986888,
        0.6758109009194517,
        0.6744543811518275
    ],
    "val_losses": [
        0.6769043241391342,
        0.6731332663143651,
        0.664609806959709,
        0.6689516066364124,
        0.6704065334853944,
        0.6768933352100792,
        0.6727686524391174,
        0.6779455790679421,
        0.6756486735845867,
        0.6753957197426609,
        0.6706543011528453,
        0.6683726430509649,
        0.6676427023262499
    ],
    "train_accuracies": [
        0.5320686878522874,
        0.562723544502912,
        0.5770116664481939,
        0.5795022565120503,
        0.5755135671616637,
        0.570663470721522,
        0.5679294395236044,
        0.5635474991105035,
        0.5603265856444636,
        0.5581356154379131,
        0.5726859047583378,
        0.573378775678358,
        0.5743525402146027
    ],
    "val_accuracies": [
        0.5681971387911018,
        0.5880458392629766,
        0.5964347239907123,
        0.5878960377499812,
        0.589618755149427,
        0.5631038873492622,
        0.5788330462137667,
        0.5650513070182008,
        0.5665493221481537,
        0.57523780990188,
        0.584001198412104,
        0.5874466332109954,
        0.5960602202082241
    ],
    "train_f1_scores": [
        0.5511567753987642,
        0.5884488623345494,
        0.6111551041487348,
        0.6216193445109107,
        0.6173402208042135,
        0.6130660050967883,
        0.6104836667510762,
        0.6078441270001514,
        0.602354136675417,
        0.6004199688410214,
        0.6046946730186228,
        0.6108434969765296,
        0.6070193637621023
    ],
    "val_f1_scores": [
        0.574067233099372,
        0.6323529411764706,
        0.6261448792672772,
        0.5437054237850389,
        0.6075496024640069,
        0.6377693597466311,
        0.6346566175037359,
        0.4272610711115495,
        0.6330606809967663,
        0.5677920890176054,
        0.6099719101123595,
        0.6391982182628062,
        0.609287835977686
    ],
    "train_aucs": [
        0.5351274634661293,
        0.5878235386486078,
        0.6086595186960716,
        0.6121304534468965,
        0.6067243114586953,
        0.601006828921524,
        0.595458234624485,
        0.5907796653208994,
        0.5869649477407374,
        0.5854367807647718,
        0.600773793237995,
        0.6021612675886612,
        0.6064289392137527
    ],
    "val_aucs": [
        0.6013766746253042,
        0.6250516126463652,
        0.6301813340392916,
        0.6304921320535058,
        0.6203223815999497,
        0.6084233634285726,
        0.614945060893609,
        0.6143293897433805,
        0.6087629330104095,
        0.60889331399489,
        0.6160840065139548,
        0.6268658597251872,
        0.6306364836314691
    ],
    "learning_rates": [
        0.01,
        0.01,
        0.01,
        0.01,
        0.01,
        0.01,
        0.01,
        0.01,
        0.01,
        0.01,
        0.005,
        0.005,
        0.005
    ],
    "epoch_times": [
        14.115340232849121,
        12.574619054794312,
        13.66402816772461,
        12.74910044670105,
        12.980681896209717,
        13.470149993896484,
        13.40673303604126,
        14.022747278213501,
        12.056982517242432,
        12.305964231491089,
        12.460594892501831,
        12.496343851089478,
        12.580349206924438
    ],
    "epoch_metrics": [
        {
            "train_loss": 1.5570963082913154,
            "train_accuracy": 0.5320686878522874,
            "train_f1_score": 0.5511567753987642,
            "train_auc": 0.5351274634661293,
            "val_loss": 0.6769043241391342,
            "val_accuracy": 0.5681971387911018,
            "val_f1_score": 0.574067233099372,
            "val_auc": 0.6013766746253042,
            "learning_rate": 0.01,
            "epoch_time": 14.115340232849121,
            "epoch": 1
        },
        {
            "train_loss": 0.682586493963253,
            "train_accuracy": 0.562723544502912,
            "train_f1_score": 0.5884488623345494,
            "train_auc": 0.5878235386486078,
            "val_loss": 0.6731332663143651,
            "val_accuracy": 0.5880458392629766,
            "val_f1_score": 0.6323529411764706,
            "val_auc": 0.6250516126463652,
            "learning_rate": 0.01,
            "epoch_time": 12.574619054794312,
            "epoch": 2
        },
        {
            "train_loss": 0.6733987586227006,
            "train_accuracy": 0.5770116664481939,
            "train_f1_score": 0.6111551041487348,
            "train_auc": 0.6086595186960716,
            "val_loss": 0.664609806959709,
            "val_accuracy": 0.5964347239907123,
            "val_f1_score": 0.6261448792672772,
            "val_auc": 0.6301813340392916,
            "learning_rate": 0.01,
            "epoch_time": 13.66402816772461,
            "epoch": 3
        },
        {
            "train_loss": 0.6728681023249369,
            "train_accuracy": 0.5795022565120503,
            "train_f1_score": 0.6216193445109107,
            "train_auc": 0.6121304534468965,
            "val_loss": 0.6689516066364124,
            "val_accuracy": 0.5878960377499812,
            "val_f1_score": 0.5437054237850389,
            "val_auc": 0.6304921320535058,
            "learning_rate": 0.01,
            "epoch_time": 12.74910044670105,
            "epoch": 4
        },
        {
            "train_loss": 0.6745642829084111,
            "train_accuracy": 0.5755135671616637,
            "train_f1_score": 0.6173402208042135,
            "train_auc": 0.6067243114586953,
            "val_loss": 0.6704065334853944,
            "val_accuracy": 0.589618755149427,
            "val_f1_score": 0.6075496024640069,
            "val_auc": 0.6203223815999497,
            "learning_rate": 0.01,
            "epoch_time": 12.980681896209717,
            "epoch": 5
        },
        {
            "train_loss": 0.6764951883675809,
            "train_accuracy": 0.570663470721522,
            "train_f1_score": 0.6130660050967883,
            "train_auc": 0.601006828921524,
            "val_loss": 0.6768933352100792,
            "val_accuracy": 0.5631038873492622,
            "val_f1_score": 0.6377693597466311,
            "val_auc": 0.6084233634285726,
            "learning_rate": 0.01,
            "epoch_time": 13.470149993896484,
            "epoch": 6
        },
        {
            "train_loss": 0.6778161665636623,
            "train_accuracy": 0.5679294395236044,
            "train_f1_score": 0.6104836667510762,
            "train_auc": 0.595458234624485,
            "val_loss": 0.6727686524391174,
            "val_accuracy": 0.5788330462137667,
            "val_f1_score": 0.6346566175037359,
            "val_auc": 0.614945060893609,
            "learning_rate": 0.01,
            "epoch_time": 13.40673303604126,
            "epoch": 7
        },
        {
            "train_loss": 0.6795237141455005,
            "train_accuracy": 0.5635474991105035,
            "train_f1_score": 0.6078441270001514,
            "train_auc": 0.5907796653208994,
            "val_loss": 0.6779455790679421,
            "val_accuracy": 0.5650513070182008,
            "val_f1_score": 0.4272610711115495,
            "val_auc": 0.6143293897433805,
            "learning_rate": 0.01,
            "epoch_time": 14.022747278213501,
            "epoch": 8
        },
        {
            "train_loss": 0.6809531814323928,
            "train_accuracy": 0.5603265856444636,
            "train_f1_score": 0.602354136675417,
            "train_auc": 0.5869649477407374,
            "val_loss": 0.6756486735845867,