{
    "train_losses": [
        2.770979125346893,
        1.3730739938907135,
        0.8110244426207665,
        0.5457557112131364,
        0.3916534165541331,
        0.32487415437514966,
        0.275220299913333,
        0.2450560283813721,
        0.2283114418310997,
        0.21672653604776432,
        0.16328813417599752,
        0.14183968616601747,
        0.1320770670626408,
        0.12310382076180898,
        0.11610582066652102,
        0.11190854766047918,
        0.10589311477083427,
        0.10116630138877111
    ],
    "val_losses": [
        1.867220508026295,
        1.2259647313688622,
        0.5481843567896084,
        0.5048822682411944,
        0.6787352866080941,
        0.5074994180534707,
        0.4196147962671811,
        0.32373459038675806,
        0.3410210614932365,
        0.4183552521051931,
        0.3518934422096268,
        0.3718294224656019,
        0.36102169776549103,
        0.38079128212860375,
        0.3917376091856448,
        0.403533936279719,
        0.38678533296848905,
        0.3896050296845983
    ],
    "train_accuracies": [
        0.7569939043952518,
        0.7899422521655438,
        0.8162335579082451,
        0.8377285851780558,
        0.8596005774783445,
        0.8747994866859159,
        0.8920676932948348,
        0.9051973051010587,
        0.911557587423805,
        0.9169714469040744,
        0.9419874879692012,
        0.9509143407122232,
        0.954451395572666,
        0.9581167789541225,
        0.9604828360603144,
        0.9618623676612127,
        0.964148219441771,
        0.9659929419313442
    ],
    "val_accuracies": [
        0.7273748035032562,
        0.8166885887523659,
        0.8460748772897886,
        0.8411985499342337,
        0.7789291328478394,
        0.8183568060055821,
        0.8446633088447596,
        0.8874915787109814,
        0.8860158480639055,
        0.8374771422155208,
        0.8824548458503095,
        0.8734400564627378,
        0.8848288473260403,
        0.8835135221840814,
        0.8726059478361298,
        0.8626928876199031,
        0.8808828719001636,
        0.8810111963042572
    ],
    "train_f1_scores": [
        0.7560665346279568,
        0.7897905128822538,
        0.8150169546261908,
        0.8368492355331915,
        0.8595408699559486,
        0.8752915987601061,
        0.8926505899152022,
        0.9056889810899226,
        0.9127797068664131,
        0.9181375340039223,
        0.9425601359561001,
        0.9514177753786556,
        0.9548515323766745,
        0.9586723226439583,
        0.9606409918438101,
        0.962222028013697,
        0.964449322389769,
        0.9664975742347383
    ],
    "val_f1_scores": [
        0.46973667789841506,
        0.539267860022577,
        0.5664980122876762,
        0.5714285714285714,
        0.5139310150243351,
        0.5534700315457414,
        0.5744419054315345,
        0.5904472731519327,
        0.5806680042487903,
        0.5632005518192792,
        0.5856141144537435,
        0.5919106237715941,
        0.5786384976525821,
        0.5843159702346881,
        0.5828343313373253,
        0.5791543756145526,
        0.5837910548144827,
        0.5649266862170088
    ],
    "train_aucs": [
        0.8255688869230102,
        0.8611161901501422,
        0.8866076249575854,
        0.9062535355360195,
        0.928290887533868,
        0.9416911097803881,
        0.954747023138323,
        0.9631943864825468,
        0.9679638318025392,
        0.9707200270879448,
        0.983438547676149,
        0.9873557537686147,
        0.9889954601281076,
        0.990372353460086,
        0.9915566866005647,
        0.9920823991091247,
        0.9929985123782231,
        0.9934478713248586
    ],
    "val_aucs": [
        0.8572581166303658,
        0.8567808832072431,
        0.8573047078381378,
        0.8679837332565462,
        0.8693157638329682,
        0.8748995811311469,
        0.8728531883085031,
        0.8744491924804503,
        0.8679455755093978,
        0.8687950782072681,
        0.8704385483231015,
        0.8709086792238036,
        0.8697439032148434,
        0.8698882137470013,
        0.8689876791953433,
        0.8681273532075611,
        0.8677277118075144,
        0.8638529949457832
    ],
    "learning_rates": [
        0.001,
        0.001,
        0.001,
        0.001,
        0.001,
        0.001,
        0.001,
        0.001,
        0.001,
        0.001,
        0.0005,
        0.0005,
        0.0005,
        0.0005,
        0.0005,
        0.0005,
        0.0005,
        0.0005
    ],
    "epoch_times": [
        15.90818738937378,
        14.35115909576416,
        14.42090630531311,
        14.110761165618896,
        14.625860452651978,
        14.568036794662476,
        14.2115478515625,
        12.634166955947876,
        13.467800855636597,
        13.345184326171875,
        13.149282455444336,
        13.633524417877197,
        12.993085145950317,
        13.23829174041748,
        12.568619728088379,
        13.274299383163452,
        13.160161018371582,
        12.836179256439209
    ],
    "epoch_metrics": [
        {
            "train_loss": 2.770979125346893,
            "train_accuracy": 0.7569939043952518,
            "train_f1_score": 0.7560665346279568,
            "train_auc": 0.8255688869230102,
            "val_loss": 1.867220508026295,
            "val_accuracy": 0.7273748035032562,
            "val_f1_score": 0.46973667789841506,
            "val_auc": 0.8572581166303658,
            "learning_rate": 0.001,
            "epoch_time": 15.90818738937378,
            "epoch": 1
        },
        {
            "train_loss": 1.3730739938907135,
            "train_accuracy": 0.7899422521655438,
            "train_f1_score": 0.7897905128822538,
            "train_auc": 0.8611161901501422,
            "val_loss": 1.2259647313688622,
            "val_accuracy": 0.8166885887523659,
            "val_f1_score": 0.539267860022577,
            "val_auc": 0.8567808832072431,
            "learning_rate": 0.001,
            "epoch_time": 14.35115909576416,
            "epoch": 2
        },
        {
            "train_loss": 0.8110244426207665,
            "train_accuracy": 0.8162335579082451,
            "train_f1_score": 0.8150169546261908,
            "train_auc": 0.8866076249575854,
            "val_loss": 0.5481843567896084,
            "val_accuracy": 0.8460748772897886,
            "val_f1_score": 0.5664980122876762,
            "val_auc": 0.8573047078381378,
            "learning_rate": 0.001,
            "epoch_time": 14.42090630531311,
            "epoch": 3
        },
        {
            "train_loss": 0.5457557112131364,
            "train_accuracy": 0.8377285851780558,
            "train_f1_score": 0.8368492355331915,
            "train_auc": 0.9062535355360195,
            "val_loss": 0.5048822682411944,
            "val_accuracy": 0.8411985499342337,
            "val_f1_score": 0.5714285714285714,
            "val_auc": 0.8679837332565462,
            "learning_rate": 0.001,
            "epoch_time": 14.110761165618896,
            "epoch": 4
        },
        {
            "train_loss": 0.3916534165541331,
            "train_accuracy": 0.8596005774783445,
            "train_f1_score": 0.8595408699559486,
            "train_auc": 0.928290887533868,
            "val_loss": 0.6787352866080941,
            "val_accuracy": 0.7789291328478394,
            "val_f1_score": 0.5139310150243351,
            "val_auc": 0.8693157638329682,
            "learning_rate": 0.001,
            "epoch_time": 14.625860452651978,
            "epoch": 5
        },
        {
            "train_loss": 0.32487415437514966,
            "train_accuracy": 0.8747994866859159,
            "train_f1_score": 0.8752915987601061,
            "train_auc": 0.9416911097803881,
            "val_loss": 0.5074994180534707,
            "val_accuracy": 0.8183568060055821,
            "val_f1_score": 0.5534700315457414,
            "val_auc": 0.8748995811311469,