{
    "train_losses": [
        2.0803356680459033,
        0.6859288065172943,
        0.5350636616158082,
        0.4753460494248056,
        0.43550915222494585,
        0.4142011111060309,
        0.40517478630810655,
        0.39867969144760734,
        0.38598139600884673,
        0.37764654968750055,
        0.3504100728334678,
        0.3249938743520603,
        0.3100142913439018,
        0.2974385072507266
    ],
    "val_losses": [
        0.7325850262871532,
        0.607880425807394,
        0.4056288130031746,
        0.38173764861631587,
        0.42235924611936826,
        0.42249674808050763,
        0.4570597470967007,
        0.4542504683686573,
        0.34430479930072533,
        0.42416925639769093,
        0.36921901237524923,
        0.39248120167949163,
        0.3656537916786114,
        0.3649915244552444
    ],
    "train_accuracies": [
        0.7163378248315688,
        0.7789220404234841,
        0.8006897658004491,
        0.8107074109720885,
        0.8179018286814245,
        0.8233477702919474,
        0.8241337824831568,
        0.8282964388835419,
        0.834343920436317,
        0.8378248315688162,
        0.8516041065126725,
        0.8661693936477383,
        0.8729708052614693,
        0.879427333974976
    ],
    "val_accuracies": [
        0.7825863783645055,
        0.803759905039941,
        0.8487376086747297,
        0.8571107760418337,
        0.8215007539058741,
        0.8196400500465176,
        0.7830034326778095,
        0.7890988418722531,
        0.8509191235443201,
        0.8126463700234192,
        0.8390811972666902,
        0.8231048089570434,
        0.8360334926694685,
        0.8454332552693209
    ],
    "train_f1_scores": [
        0.7135509893331822,
        0.7735756062298745,
        0.7969638538466567,
        0.8102859255805728,
        0.8171921801024188,
        0.8235925448327233,
        0.8256787375283221,
        0.8298034726197291,
        0.836719528198966,
        0.8401985268548667,
        0.8546217430933148,
        0.8699494949494949,
        0.8767681797668881,
        0.8830726391686825
    ],
    "val_f1_scores": [
        0.5167225272766169,
        0.5445610900156355,
        0.5908893709327548,
        0.5983044733044733,
        0.5646322378716745,
        0.5629664179104478,
        0.526993006993007,
        0.5327647476901208,
        0.5934027473969726,
        0.5535168195718655,
        0.5832502492522432,
        0.5630052306229196,
        0.5781959230832714,
        0.5886972852996415
    ],
    "train_aucs": [
        0.7685747910234126,
        0.8492830641485722,
        0.8733809114761248,
        0.8843183436415483,
        0.8906607370999545,
        0.8959870412640393,
        0.8989115431644736,
        0.9021796888936882,
        0.9081809025399512,
        0.9118861287855249,
        0.923494630486694,
        0.9333008617043892,
        0.9386941997110928,
        0.9432669758369006
    ],
    "val_aucs": [
        0.8715102842180862,
        0.8820081890367524,
        0.8858028194126125,
        0.8839713521829898,
        0.8878206891413859,
        0.8874669232559269,
        0.887163356341544,
        0.8870158147267058,
        0.8859774485496121,
        0.88493459150242,
        0.8877343330158054,
        0.8837982004711018,
        0.884013372999198,
        0.8845068497278692
    ],
    "learning_rates": [
        0.001,
        0.001,
        0.001,
        0.001,
        0.001,
        0.001,
        0.001,
        0.001,
        0.001,
        0.001,
        0.0005,
        0.0005,
        0.0005,
        0.0005
    ],
    "epoch_times": [
        42.931960582733154,
        42.536683082580566,
        42.824145793914795,
        42.75285458564758,
        42.81019043922424,
        42.80182480812073,
        43.263813972473145,
        43.11618709564209,
        43.045021533966064,
        42.83173608779907,
        42.724849462509155,
        42.89328646659851,
        43.02665066719055,
        43.828861474990845
    ],
    "epoch_metrics": [
        {
            "train_loss": 2.0803356680459033,
            "train_accuracy": 0.7163378248315688,
            "train_f1_score": 0.7135509893331822,
            "train_auc": 0.7685747910234126,
            "val_loss": 0.7325850262871532,
            "val_accuracy": 0.7825863783645055,
            "val_f1_score": 0.5167225272766169,
            "val_auc": 0.8715102842180862,
            "learning_rate": 0.001,
            "epoch_time": 42.931960582733154,
            "epoch": 1
        },
        {
            "train_loss": 0.6859288065172943,
            "train_accuracy": 0.7789220404234841,
            "train_f1_score": 0.7735756062298745,
            "train_auc": 0.8492830641485722,
            "val_loss": 0.607880425807394,
            "val_accuracy": 0.803759905039941,
            "val_f1_score": 0.5445610900156355,
            "val_auc": 0.8820081890367524,
            "learning_rate": 0.001,
            "epoch_time": 42.536683082580566,
            "epoch": 2
        },
        {
            "train_loss": 0.5350636616158082,
            "train_accuracy": 0.8006897658004491,
            "train_f1_score": 0.7969638538466567,
            "train_auc": 0.8733809114761248,
            "val_loss": 0.4056288130031746,
            "val_accuracy": 0.8487376086747297,
            "val_f1_score": 0.5908893709327548,
            "val_auc": 0.8858028194126125,
            "learning_rate": 0.001,
            "epoch_time": 42.824145793914795,
            "epoch": 3
        },
        {
            "train_loss": 0.4753460494248056,
            "train_accuracy": 0.8107074109720885,
            "train_f1_score": 0.8102859255805728,
            "train_auc": 0.8843183436415483,
            "val_loss": 0.38173764861631587,
            "val_accuracy": 0.8571107760418337,
            "val_f1_score": 0.5983044733044733,
            "val_auc": 0.8839713521829898,
            "learning_rate": 0.001,
            "epoch_time": 42.75285458564758,
            "epoch": 4
        },
        {
            "train_loss": 0.43550915222494585,
            "train_accuracy": 0.8179018286814245,
            "train_f1_score": 0.8171921801024188,
            "train_auc": 0.8906607370999545,
            "val_loss": 0.42235924611936826,
            "val_accuracy": 0.8215007539058741,
            "val_f1_score": 0.5646322378716745,
            "val_auc": 0.8878206891413859,
            "learning_rate": 0.001,
            "epoch_time": 42.81019043922424,
            "epoch": 5
        },
        {
            "train_loss": 0.4142011111060309,
            "train_accuracy": 0.8233477702919474,
            "train_f1_score": 0.8235925448327233,
            "train_auc": 0.8959870412640393,
            "val_loss": 0.42249674808050763,
            "val_accuracy": 0.8196400500465176,
            "val_f1_score": 0.5629664179104478,
            "val_auc": 0.8874669232559269,
            "learning_rate": 0.001,
            "epoch_time": 42.80182480812073,
            "epoch": 6
        },
        {
            "train_loss": 0.40517478630810655,
            "train_accuracy": 0.8241337824831568,
            "train_f1_score": 0.8256787375283221,
            "train_auc": 0.8989115431644736,
            "val_loss": 0.4570597470967007,
            "val_accuracy": 0.7830034326778095,
            "val_f1_score": 0.526993006993007,
            "val_auc": 0.887163356341544,
            "learning_rate": 0.001,
            "epoch_time": 43.263813972473145,
            "epoch": 7
        },
        {
            "train_loss": 0.39867969144760734,
            "train_accuracy": 0.8282964388835419,
            "train_f1_score": 0.8298034726197291,
            "train_auc": 0.9021796888936882,
            "val_loss": 0.4542504683686573,
            "val_accuracy": 0.7890988418722531,
            "val_f1_score": 0.5327647476901208,
            "val_auc": 0.8870158147267058,
            "learning_rate": 0.001,