{
    "train_losses": [
        3.4788955864599265,
        0.8877401305443816,
        0.5301718961250604,
        0.4539301748946118,
        0.43784623804491196,
        0.435530351798861,
        0.4330771613145498,
        0.4293218865386641,
        0.42454711676958956,
        0.4245594381873212,
        0.41049767201102166,
        0.3980279489243073
    ],
    "val_losses": [
        0.9748139425379331,
        0.5545152342710339,
        0.4257556962185219,
        0.4338986448577193,
        0.38945996465130905,
        0.4482306015418201,
        0.41306251287460327,
        0.44018804172023396,
        0.41956487994213576,
        0.39511604634586905,
        0.37864445107149297,
        0.39364981388703724
    ],
    "train_accuracies": [
        0.695460378569137,
        0.7533926852743023,
        0.7824751363490535,
        0.8023259544433751,
        0.8088867500802053,
        0.810851780558229,
        0.8111485402630735,
        0.813241899262111,
        0.8149743342957972,
        0.8147337183188964,
        0.8222649983958935,
        0.8285691369906962
    ],
    "val_accuracies": [
        0.8015463090693272,
        0.8464598505020692,
        0.8405248468127426,
        0.8238426742805813,
        0.8412627121362806,
        0.8065830419299991,
        0.8300343267780951,
        0.8084116646883321,
        0.8205383208751724,
        0.8314458952231241,
        0.8368996823970999,
        0.8271470276859901
    ],
    "train_f1_scores": [
        0.6959286309180601,
        0.7432765285930181,
        0.7728197954448363,
        0.7966468093532897,
        0.8045539551822566,
        0.80720714828773,
        0.8075395203609553,
        0.8116237490797595,
        0.813919159817057,
        0.8133097333688949,
        0.8214774832836542,
        0.8291310256615237
    ],
    "val_f1_scores": [
        0.5310083396512509,
        0.5798068481123793,
        0.577547378261239,
        0.5667166416791605,
        0.585177733065057,
        0.5478815148106486,
        0.5742526518804243,
        0.5527931705855923,
        0.5647370059134765,
        0.5757428940568475,
        0.5855209522256645,
        0.5721772272510719
    ],
    "train_aucs": [
        0.7448774730084284,
        0.8166510021366458,
        0.8551491832175213,
        0.8751782512385652,
        0.8819324953239258,
        0.8826864927773699,
        0.8837297588969761,
        0.8855484869128407,
        0.8886103231834364,
        0.8880770187105478,
        0.8957482859959065,
        0.9021880531719151
    ],
    "val_aucs": [
        0.8585646961526678,
        0.8763552131761209,
        0.8818984117470782,
        0.8863854606301783,
        0.88754784680985,
        0.8859873594353475,
        0.8874859791101297,
        0.8902858294423619,
        0.8893636357548595,
        0.8875482193051332,
        0.8928480780080459,
        0.8894608821357959
    ],
    "learning_rates": [
        0.001,
        0.001,
        0.001,
        0.001,
        0.001,
        0.001,
        0.001,
        0.001,
        0.001,
        0.001,
        0.0005,
        0.0005
    ],
    "epoch_times": [
        18.18810486793518,
        17.864200115203857,
        17.79560685157776,
        17.885730266571045,
        17.78319787979126,
        17.873006105422974,
        17.825475215911865,
        17.802283763885498,
        17.792614459991455,
        17.898953199386597,
        17.936519145965576,
        17.884400367736816
    ],
    "epoch_metrics": [
        {
            "train_loss": 3.4788955864599265,
            "train_accuracy": 0.695460378569137,
            "train_f1_score": 0.6959286309180601,
            "train_auc": 0.7448774730084284,
            "val_loss": 0.9748139425379331,
            "val_accuracy": 0.8015463090693272,
            "val_f1_score": 0.5310083396512509,
            "val_auc": 0.8585646961526678,
            "learning_rate": 0.001,
            "epoch_time": 18.18810486793518,
            "epoch": 1
        },
        {
            "train_loss": 0.8877401305443816,
            "train_accuracy": 0.7533926852743023,
            "train_f1_score": 0.7432765285930181,
            "train_auc": 0.8166510021366458,
            "val_loss": 0.5545152342710339,
            "val_accuracy": 0.8464598505020692,
            "val_f1_score": 0.5798068481123793,
            "val_auc": 0.8763552131761209,
            "learning_rate": 0.001,
            "epoch_time": 17.864200115203857,
            "epoch": 2
        },
        {
            "train_loss": 0.5301718961250604,
            "train_accuracy": 0.7824751363490535,
            "train_f1_score": 0.7728197954448363,
            "train_auc": 0.8551491832175213,
            "val_loss": 0.4257556962185219,
            "val_accuracy": 0.8405248468127426,
            "val_f1_score": 0.577547378261239,
            "val_auc": 0.8818984117470782,
            "learning_rate": 0.001,
            "epoch_time": 17.79560685157776,
            "epoch": 3
        },
        {
            "train_loss": 0.4539301748946118,
            "train_accuracy": 0.8023259544433751,
            "train_f1_score": 0.7966468093532897,
            "train_auc": 0.8751782512385652,
            "val_loss": 0.4338986448577193,
            "val_accuracy": 0.8238426742805813,
            "val_f1_score": 0.5667166416791605,
            "val_auc": 0.8863854606301783,
            "learning_rate": 0.001,
            "epoch_time": 17.885730266571045,
            "epoch": 4
        },
        {
            "train_loss": 0.43784623804491196,
            "train_accuracy": 0.8088867500802053,
            "train_f1_score": 0.8045539551822566,
            "train_auc": 0.8819324953239258,
            "val_loss": 0.38945996465130905,
            "val_accuracy": 0.8412627121362806,
            "val_f1_score": 0.585177733065057,
            "val_auc": 0.88754784680985,
            "learning_rate": 0.001,
            "epoch_time": 17.78319787979126,
            "epoch": 5
        },
        {
            "train_loss": 0.435530351798861,
            "train_accuracy": 0.810851780558229,
            "train_f1_score": 0.80720714828773,
            "train_auc": 0.8826864927773699,
            "val_loss": 0.4482306015418201,
            "val_accuracy": 0.8065830419299991,
            "val_f1_score": 0.5478815148106486,
            "val_auc": 0.8859873594353475,
            "learning_rate": 0.001,
            "epoch_time": 17.873006105422974,
            "epoch": 6
        },
        {
            "train_loss": 0.4330771613145498,
            "train_accuracy": 0.8111485402630735,
            "train_f1_score": 0.8075395203609553,
            "train_auc": 0.8837297588969761,
            "val_loss": 0.41306251287460327,
            "val_accuracy": 0.8300343267780951,
            "val_f1_score": 0.5742526518804243,
            "val_auc": 0.8874859791101297,
            "learning_rate": 0.001,
            "epoch_time": 17.825475215911865,
            "epoch": 7
        },
        {
            "train_loss": 0.4293218865386641,
            "train_accuracy": 0.813241899262111,
            "train_f1_score": 0.8116237490797595,
            "train_auc": 0.8855484869128407,
            "val_loss": 0.44018804172023396,
            "val_accuracy": 0.8084116646883321,
            "val_f1_score": 0.5527931705855923,
            "val_auc": 0.8902858294423619,
            "learning_rate": 0.001,
            "epoch_time": 17.802283763885498,
            "epoch": 8
        },
        {
            "train_loss": 0.42454711676958956,
            "train_accuracy": 0.8149743342957972,
            "train_f1_score": 0.813919159817057,
            "train_auc": 0.8886103231834364,
            "val_loss": 0.41956487994213576,
            "val_accuracy": 0.8205383208751724,
            "val_f1_score": 0.5647370059134765,
            "val_auc": 0.8893636357548595,
            "learning_rate": 0.001,
            "epoch_time": 17.792614459991455,