{
    "train_losses": [
        4.839159378398682,
        3.498305039842536,
        2.8079848951593678,
        2.180297527834964,
        1.7691182146291355,
        1.4617534980154943,
        1.247488983208672,
        1.087610438351389,
        0.9578778893214241,
        0.8876995132283225,
        0.8158087028241146,
        0.7792984498287238,
        0.7383172440797993,
        0.7019019431949213,
        0.6685834873358735,
        0.6626212713334914,
        0.6259213922848268,
        0.607306686546816,
        0.5839333347001401,
        0.5751432651217134,
        0.5570042725172698,
        0.5391708989978876
    ],
    "val_losses": [
        1.8205346647711074,
        1.3951463907590655,
        1.3304344275202908,
        1.2665677678267486,
        1.0961749051987637,
        1.1661866502989022,
        0.9569987517277725,
        0.9437110082047885,
        0.7752629371024058,
        0.7596556601099304,
        0.7830511407896144,
        0.705153401391428,
        0.7406600483800055,
        0.743671427129722,
        0.6787411690857567,
        0.6895686288471105,
        0.633483381300676,
        0.6007561750832151,
        0.622151037403306,
        0.5704941664684992,
        0.5769234006522131,
        0.552399074567146
    ],
    "train_accuracies": [
        0.6806304138594803,
        0.7120628809752968,
        0.7192091754892525,
        0.7270131536734039,
        0.736557587423805,
        0.7421880012832852,
        0.7498636509464228,
        0.7627606673083093,
        0.772585819698428,
        0.7779916586461341,
        0.7815287135065768,
        0.7883942893808149,
        0.7906721206288098,
        0.7914581328200192,
        0.7953160089829965,
        0.7981312159127366,
        0.7999839589348733,
        0.8015880654475457,
        0.8048203400705807,
        0.8052775104266924,
        0.8076034648700674,
        0.8084696823869105
    ],
    "val_accuracies": [
        0.8219498893202015,
        0.8252542427256103,
        0.8235539443713709,
        0.8146033171858458,
        0.8287510827371596,
        0.8081870969811684,
        0.8118764235988579,
        0.8203137531680087,
        0.8430271726925668,
        0.8343652754162523,
        0.8380225209329184,
        0.8467806615123031,
        0.842128901863912,
        0.8428346860864265,
        0.8383433319431522,
        0.8315742196272176,
        0.8451124442590869,
        0.8398511436912515,
        0.8418722530557249,
        0.8434121459048475,
        0.8348144108305797,
        0.8410060633280935
    ],
    "train_f1_scores": [
        0.6839335465896192,
        0.7098755454986262,
        0.7189905524830835,
        0.7252147516631143,
        0.7349675628570507,
        0.7394673280487607,
        0.7444421682304257,
        0.7578449270972337,
        0.7654949962782235,
        0.7689443897226999,
        0.7726464622858049,
        0.7799968312472377,
        0.7808261742204755,
        0.7819714058110772,
        0.7871133504621443,
        0.7898187041227902,
        0.7914917810738951,
        0.7950557553062814,
        0.7981084332351599,
        0.7978787172400014,
        0.8012329720592622,
        0.8027489592281768
    ],
    "val_f1_scores": [
        0.5505344995140914,
        0.5573344169036977,
        0.5567375886524822,
        0.5519807737033878,
        0.5655924479166666,
        0.545081031727916,
        0.5507890301823196,
        0.5593580363464715,
        0.5844585987261146,
        0.575794922356421,
        0.5787936931675982,
        0.5884177869700103,
        0.583988502832023,
        0.5837369360183533,
        0.5817215904374533,
        0.5725451880801172,
        0.5887563884156729,
        0.5823293172690763,
        0.585693872404808,
        0.5879969612560142,
        0.5790893484836099,
        0.5858957219251337
    ],
    "train_aucs": [
        0.7378117126039131,
        0.7759129229646076,
        0.7838506933488523,
        0.7943102915778583,
        0.8020274133177414,
        0.8073673314597047,
        0.8150737136678639,
        0.8274351272274634,
        0.837918462032614,
        0.8428634069296332,
        0.8484391503096526,
        0.8541202801578953,
        0.8582899424175758,
        0.8604186021015625,
        0.8650379572339898,
        0.8672435139138228,
        0.870806016313808,
        0.8741122583967474,
        0.8764551705055617,
        0.8775118970603677,
        0.8817417912249683,
        0.8830320225216393
    ],
    "val_aucs": [
        0.8626315285030043,
        0.8644822524831622,
        0.8650609511102034,
        0.8658259810856103,
        0.8681077490737842,
        0.8677213877583819,
        0.8716584075952206,
        0.8765692598476872,
        0.8796311166655227,
        0.8811855269259681,
        0.8813258446435178,
        0.8819722034811985,
        0.8828427333285341,
        0.8834661481309108,
        0.8844468026511619,
        0.8841255401181606,
        0.8857277302230118,
        0.8853333749077132,
        0.8868846922017066,
        0.8882081804986582,
        0.8881431361256807,
        0.8885476325204288
    ],
    "learning_rates": [
        0.0001,
        0.0001,
        0.0001,
        0.0001,
        0.0001,
        0.0001,
        0.0001,
        0.0001,
        0.0001,
        0.0001,
        5e-05,
        5e-05,
        5e-05,
        5e-05,
        5e-05,
        5e-05,
        5e-05,
        5e-05,
        5e-05,
        5e-05,
        2.5e-05,
        2.5e-05
    ],
    "epoch_times": [
        19.059614658355713,
        18.980092525482178,
        18.889028549194336,
        18.998425245285034,
        18.974093198776245,
        19.0272855758667,
        18.918107509613037,
        18.934674978256226,
        18.904900312423706,
        19.139220237731934,
        18.903921127319336,
        18.897072553634644,
        18.862848043441772,
        18.850841760635376,
        19.438483715057373,
        21.135921955108643,
        20.2679226398468,
        19.961577892303467,
        19.906471252441406,
        20.6160671710968,
        21.07475185394287,
        22.462693452835083
    ],
    "epoch_metrics": [
        {
            "train_loss": 4.839159378398682,
            "train_accuracy": 0.6806304138594803,
            "train_f1_score": 0.6839335465896192,
            "train_auc": 0.7378117126039131,
            "val_loss": 1.8205346647711074,
            "val_accuracy": 0.8219498893202015,
            "val_f1_score": 0.5505344995140914,
            "val_auc": 0.8626315285030043,
            "learning_rate": 0.0001,
            "epoch_time": 19.059614658355713,
            "epoch": 1
        },
        {
            "train_loss": 3.498305039842536,
            "train_accuracy": 0.7120628809752968,
            "train_f1_score": 0.7098755454986262,
            "train_auc": 0.7759129229646076,
            "val_loss": 1.3951463907590655,
            "val_accuracy": 0.8252542427256103,
            "val_f1_score": 0.5573344169036977,
            "val_auc": 0.8644822524831622,
            "learning_rate": 0.0001,
            "epoch_time": 18.980092525482178,
            "epoch": 2
        },
        {
            "train_loss": 2.8079848951593678,
            "train_accuracy": 0.7192091754892525,
            "train_f1_score": 0.7189905524830835,
            "train_auc": 0.7838506933488523,
            "val_loss": 1.3304344275202908,
            "val_accuracy": 0.8235539443713709,
            "val_f1_score": 0.5567375886524822,
            "val_auc": 0.8650609511102034,
            "learning_rate": 0.0001,
            "epoch_time": 18.889028549194336,
            "epoch": 3
        },
        {
            "train_loss": 2.180297527834964,
            "train_accuracy": 0.7270131536734039,
            "train_f1_score": 0.7252147516631143,
            "train_auc": 0.7943102915778583,
            "val_loss": 1.2665677678267486,
            "val_accuracy": 0.8146033171858458,