{
    "train_losses": [
        3.9144687241741587,
        2.136633391997644,
        1.3410221141363894,
        0.921121755402003,
        0.727009378267186,
        0.6171035274863244,
        0.5352877340146474,
        0.4844905196556023,
        0.4607228547334671,
        0.43759255238941736,
        0.41302691024861166,
        0.40457350819238597,
        0.39804454065327133,
        0.3893477837688157,
        0.3820029611300145,
        0.3727844831134592,
        0.36624447256326675,
        0.3595263018139771,
        0.34742786743279014,
        0.33725557276713,
        0.30782394568834986,
        0.2937976146515991
    ],
    "val_losses": [
        1.5735713132790157,
        0.8378843869481768,
        0.7269089439085552,
        0.6017090450440135,
        0.5418578105313437,
        0.4945103245122092,
        0.4745944455265999,
        0.45332954057625363,
        0.4650422245264053,
        0.43698287180491857,
        0.43015488279717307,
        0.4304810949734279,
        0.4302972267780985,
        0.4309825899345534,
        0.43258519023656844,
        0.43387412577867507,
        0.4353050625749997,
        0.44113723380225045,
        0.43811814593417303,
        0.45023125644241063,
        0.45287014075687954,
        0.46200454256364276
    ],
    "train_accuracies": [
        0.690189617135357,
        0.713451925493591,
        0.7281130442067637,
        0.7485269066435812,
        0.7662040269206065,
        0.7813119606802759,
        0.7920075958557904,
        0.8025356753888687,
        0.8053841213102851,
        0.8121421988885476,
        0.8204082772487363,
        0.8251836130581698,
        0.8256025021642603,
        0.8309084308414085,
        0.8356279147700298,
        0.8391745092015974,
        0.8406825099835237,
        0.8448993269848362,
        0.8507079225892932,
        0.8552598508754782,
        0.8688877097936273,
        0.8763439358820408
    ],
    "val_accuracies": [
        0.7891209650396516,
        0.7988383781972523,
        0.8014073494917905,
        0.802524293532894,
        0.8060985144644254,
        0.8057634312520943,
        0.80442309840277,
        0.8046464872109907,
        0.8067686808890875,
        0.8104545962247292,
        0.8090025689712945,
        0.8141405115603708,
        0.809784429800067,
        0.8109013738411706,
        0.8073271529096392,
        0.8079973193343013,
        0.813246956327488,
        0.8048698760192114,
        0.8076622361219703,
        0.8072154585055289,
        0.8071037641014185,
        0.8034178487657768
    ],
    "train_f1_scores": [
        0.6893307196863624,
        0.7140269223265795,
        0.727282913165266,
        0.7449658727236682,
        0.7601695886329781,
        0.7743552802189886,
        0.7842660178426601,
        0.7958305662229666,
        0.7995512986452671,
        0.8070889851165725,
        0.8159468818866089,
        0.8222499858027145,
        0.8226305774091851,
        0.82812455647336,
        0.8330307500283672,
        0.8367861697605214,
        0.8382432164223539,
        0.8427519818799547,
        0.848538077969175,
        0.8534095087252878,
        0.8673766277788763,
        0.8749081869032149
    ],
    "val_f1_scores": [
        0.7875787578757876,
        0.7915267970829957,
        0.7932077227262154,
        0.7979890310786106,
        0.7985611510791367,
        0.7945173106463429,
        0.7920674504215651,
        0.7921074527516938,
        0.8039882166326762,
        0.8015900853501695,
        0.7992957746478874,
        0.808955223880597,
        0.7998119195956271,
        0.8064479250028581,
        0.7957854859713508,
        0.80134057552294,
        0.8054909260120986,
        0.804476776720761,
        0.7974594213126324,
        0.799442249593307,
        0.8010597857389702,
        0.8003629764065335
    ],
    "train_aucs": [
        0.7507467606054464,
        0.7808717392963902,
        0.7974534479943358,
        0.8161665161962179,
        0.8351488502617767,
        0.8486108192332952,
        0.8625906550451923,
        0.8733129191888465,
        0.8792913977969748,
        0.8860765650268045,
        0.896126215096602,
        0.9001714996891392,
        0.9023144807549182,
        0.9072124925734929,
        0.9100830292667331,
        0.9143752584007717,
        0.9172761895881238,
        0.9202222796910613,
        0.9255618391119901,
        0.9299168396534041,
        0.9417886136756639,
        0.9472171557973198
    ],
    "val_aucs": [
        0.8594079565339345,
        0.8653441629158919,
        0.8684538622250304,
        0.8713027541617878,
        0.8784507378270761,
        0.8791350109254107,
        0.8809135220549554,
        0.8830371144537843,
        0.8840672424343152,
        0.8858950651481894,
        0.8871423038491983,
        0.8868624057065682,
        0.886494714976048,
        0.885794270872326,
        0.8841158053609877,
        0.8840963901724208,
        0.8861365571530246,
        0.8841191493651882,
        0.8830110611673272,
        0.8807384359842803,
        0.881643762733419,
        0.8799648480274869
    ],
    "learning_rates": [
        0.001,
        0.001,
        0.001,
        0.001,
        0.001,
        0.001,
        0.001,
        0.001,
        0.001,
        0.001,
        0.0005,
        0.0005,
        0.0005,
        0.0005,
        0.0005,
        0.0005,
        0.0005,
        0.0005,
        0.0005,
        0.0005,
        0.00025,
        0.00025
    ],
    "epoch_times": [
        7.461920738220215,
        7.051996469497681,
        7.569818735122681,
        6.577114820480347,
        6.155413389205933,
        5.944482326507568,
        6.2657976150512695,
        7.202063083648682,
        6.908727407455444,
        7.325178623199463,
        6.877413034439087,
        7.2352283000946045,
        7.295045375823975,
        6.8638410568237305,
        6.326596736907959,
        6.541427135467529,
        6.566336154937744,
        7.025108337402344,
        6.387850522994995,
        7.20913553237915,
        7.18660569190979,
        7.044743061065674
    ],
    "epoch_metrics": [
        {
            "train_loss": 3.9144687241741587,
            "train_accuracy": 0.690189617135357,
            "train_f1_score": 0.6893307196863624,
            "train_auc": 0.7507467606054464,
            "val_loss": 1.5735713132790157,
            "val_accuracy": 0.7891209650396516,
            "val_f1_score": 0.7875787578757876,
            "val_auc": 0.8594079565339345,
            "learning_rate": 0.001,
            "epoch_time": 7.461920738220215,
            "epoch": 1
        },
        {
            "train_loss": 2.136633391997644,
            "train_accuracy": 0.713451925493591,
            "train_f1_score": 0.7140269223265795,
            "train_auc": 0.7808717392963902,
            "val_loss": 0.8378843869481768,
            "val_accuracy": 0.7988383781972523,
            "val_f1_score": 0.7915267970829957,
            "val_auc": 0.8653441629158919,
            "learning_rate": 0.001,
            "epoch_time": 7.051996469497681,
            "epoch": 2
        },
        {
            "train_loss": 1.3410221141363894,
            "train_accuracy": 0.7281130442067637,
            "train_f1_score": 0.727282913165266,
            "train_auc": 0.7974534479943358,
            "val_loss": 0.7269089439085552,
            "val_accuracy": 0.8014073494917905,
            "val_f1_score": 0.7932077227262154,
            "val_auc": 0.8684538622250304,
            "learning_rate": 0.001,
            "epoch_time": 7.569818735122681,
            "epoch": 3
        },
        {
            "train_loss": 0.921121755402003,
            "train_accuracy": 0.7485269066435812,
            "train_f1_score": 0.7449658727236682,
            "train_auc": 0.8161665161962179,
            "val_loss": 0.6017090450440135,
            "val_accuracy": 0.802524293532894,
            "val_f1_score": 0.7979890310786106,