{
    "train_losses": [
        1.4054171035478151,
        0.4779094680035157,
        0.43665969382499414,
        0.4292844096901112,
        0.4124361567768823,
        0.4096561481152638,
        0.3985306831538341,
        0.38653179552079225,
        0.38046068331564065,
        0.3698200027168317,
        0.33973064764821875,
        0.31569323940666105,
        0.3003574226944186,
        0.2884240624054754
    ],
    "val_losses": [
        0.46902436561516075,
        0.4101829297046681,
        0.38202754191321425,
        0.32250386665834757,
        0.38402896362249966,
        0.36497187571691686,
        0.41496614498071005,
        0.4087299441033211,
        0.4126380871004257,
        0.3931786744382049,
        0.3656251698915587,
        0.3641254135758662,
        0.3546280726698823,
        0.35638894397215765
    ],
    "train_accuracies": [
        0.7060073788899583,
        0.7868062239332692,
        0.8107715752325955,
        0.8126483798524222,
        0.8231713185755534,
        0.8232354828360603,
        0.8285290343278794,
        0.8354186717998076,
        0.8382017965992942,
        0.842316329804299,
        0.8586300930381777,
        0.8706929740134745,
        0.8790182868142444,
        0.8845043310875842
    ],
    "val_accuracies": [
        0.8128709377305829,
        0.8300984889801418,
        0.8370921690032402,
        0.8686278913092297,
        0.8380225209329184,
        0.8448557954508998,
        0.8175547784799975,
        0.8170414808636233,
        0.8139296140643547,
        0.822655673542716,
        0.8375413044175676,
        0.8452086875621572,
        0.8440216868242918,
        0.8504058259279459
    ],
    "train_f1_scores": [
        0.7048878082555734,
        0.782822547041089,
        0.8097906269903336,
        0.8114917483759029,
        0.8228402452449637,
        0.8235510756346925,
        0.8289419991838759,
        0.8377634762258661,
        0.8408002209683147,
        0.8451261205905058,
        0.862098641797584,
        0.8746501212912857,
        0.8820345981793725,
        0.8880579611001415
    ],
    "val_f1_scores": [
        0.547934588855305,
        0.5722132471728595,
        0.5823326204967922,
        0.6107044395855119,
        0.5807523042431287,
        0.5868785238339314,
        0.5606119137757861,
        0.5596479036367848,
        0.5579942081999695,
        0.5632111251580278,
        0.5794718485301444,
        0.587359958949799,
        0.58337617823479,
        0.5911442349846558
    ],
    "train_aucs": [
        0.7603622845544025,
        0.8623525228460218,
        0.8824331386398764,
        0.8859749715699626,
        0.8948375897245289,
        0.8962402194601597,
        0.9020573406948634,
        0.9078497264004552,
        0.9105529246264876,
        0.9154893966081222,
        0.9276251691771054,
        0.9367253164124174,
        0.9422758833365573,
        0.9465026427395342
    ],
    "val_aucs": [
        0.8755681390135656,
        0.8855999978236231,
        0.8882122821321128,
        0.8866577463114595,
        0.884341700386558,
        0.8830881156426256,
        0.8871051089611484,
        0.8878198646293547,
        0.8856886307743046,
        0.8858548515627223,
        0.8855029774510609,
        0.884961189339771,
        0.8830774262836021,
        0.8821575136065413
    ],
    "learning_rates": [
        0.001,
        0.001,
        0.001,
        0.001,
        0.001,
        0.001,
        0.001,
        0.001,
        0.001,
        0.001,
        0.0005,
        0.0005,
        0.0005,
        0.0005
    ],
    "epoch_times": [
        19.89047622680664,
        19.920825719833374,
        19.862126111984253,
        19.957907915115356,
        19.94700598716736,
        19.908923625946045,
        19.91061520576477,
        20.080971002578735,
        19.956794023513794,
        19.989158391952515,
        19.967567920684814,
        20.02561664581299,
        19.89673686027527,
        19.925130605697632
    ],
    "epoch_metrics": [
        {
            "train_loss": 1.4054171035478151,
            "train_accuracy": 0.7060073788899583,
            "train_f1_score": 0.7048878082555734,
            "train_auc": 0.7603622845544025,
            "val_loss": 0.46902436561516075,
            "val_accuracy": 0.8128709377305829,
            "val_f1_score": 0.547934588855305,
            "val_auc": 0.8755681390135656,
            "learning_rate": 0.001,
            "epoch_time": 19.89047622680664,
            "epoch": 1
        },
        {
            "train_loss": 0.4779094680035157,
            "train_accuracy": 0.7868062239332692,
            "train_f1_score": 0.782822547041089,
            "train_auc": 0.8623525228460218,
            "val_loss": 0.4101829297046681,
            "val_accuracy": 0.8300984889801418,
            "val_f1_score": 0.5722132471728595,
            "val_auc": 0.8855999978236231,
            "learning_rate": 0.001,
            "epoch_time": 19.920825719833374,
            "epoch": 2
        },
        {
            "train_loss": 0.43665969382499414,
            "train_accuracy": 0.8107715752325955,
            "train_f1_score": 0.8097906269903336,
            "train_auc": 0.8824331386398764,
            "val_loss": 0.38202754191321425,
            "val_accuracy": 0.8370921690032402,
            "val_f1_score": 0.5823326204967922,
            "val_auc": 0.8882122821321128,
            "learning_rate": 0.001,
            "epoch_time": 19.862126111984253,
            "epoch": 3
        },
        {
            "train_loss": 0.4292844096901112,
            "train_accuracy": 0.8126483798524222,
            "train_f1_score": 0.8114917483759029,
            "train_auc": 0.8859749715699626,
            "val_loss": 0.32250386665834757,
            "val_accuracy": 0.8686278913092297,
            "val_f1_score": 0.6107044395855119,
            "val_auc": 0.8866577463114595,
            "learning_rate": 0.001,
            "epoch_time": 19.957907915115356,
            "epoch": 4
        },
        {
            "train_loss": 0.4124361567768823,
            "train_accuracy": 0.8231713185755534,
            "train_f1_score": 0.8228402452449637,
            "train_auc": 0.8948375897245289,
            "val_loss": 0.38402896362249966,
            "val_accuracy": 0.8380225209329184,
            "val_f1_score": 0.5807523042431287,
            "val_auc": 0.884341700386558,
            "learning_rate": 0.001,
            "epoch_time": 19.94700598716736,
            "epoch": 5
        },
        {
            "train_loss": 0.4096561481152638,
            "train_accuracy": 0.8232354828360603,
            "train_f1_score": 0.8235510756346925,
            "train_auc": 0.8962402194601597,
            "val_loss": 0.36497187571691686,
            "val_accuracy": 0.8448557954508998,
            "val_f1_score": 0.5868785238339314,
            "val_auc": 0.8830881156426256,
            "learning_rate": 0.001,
            "epoch_time": 19.908923625946045,
            "epoch": 6
        },
        {
            "train_loss": 0.3985306831538341,
            "train_accuracy": 0.8285290343278794,
            "train_f1_score": 0.8289419991838759,
            "train_auc": 0.9020573406948634,
            "val_loss": 0.41496614498071005,
            "val_accuracy": 0.8175547784799975,
            "val_f1_score": 0.5606119137757861,
            "val_auc": 0.8871051089611484,
            "learning_rate": 0.001,
            "epoch_time": 19.91061520576477,
            "epoch": 7
        },
        {
            "train_loss": 0.38653179552079225,
            "train_accuracy": 0.8354186717998076,
            "train_f1_score": 0.8377634762258661,
            "train_auc": 0.9078497264004552,
            "val_loss": 0.4087299441033211,
            "val_accuracy": 0.8170414808636233,
            "val_f1_score": 0.5596479036367848,
            "val_auc": 0.8878198646293547,
            "learning_rate": 0.001,